{
  "0": 1.5968406593406594,
  "1": 3.350732600732601,
  "2": 0.23763736263736263,
  "3": 0.3390567765567766,
  "4": 3.0368589743589745,
  "5": 0.8347069597069597,
  "6": 1.657967032967033,
  "7": 0.1945970695970696
}