{
  "0": 1.6285314032220406,
  "1": 3.417230912911511,
  "2": 0.2423534905440112,
  "3": 0.34578566425402757,
  "4": 3.097128181181415,
  "5": 0.8512724725659584,
  "6": 1.6908708848937661,
  "7": 0.19845902404856408
}