{
  "mae": 33.52773955523283,
  "rmse": 79.8419314405691,
  "r2": 0.9848115311323894,
  "abs_error_p50": 19.097166113509218,
  "abs_error_p90": 63.124687011129,
  "abs_error_p95": 102.12769429066485
}